Workbook

Sheet Sheet1
A1: Kode Tk* | B1: KPJ* | C1: Nomor Identitas* | D1: Nama Lengkap | E1: Tempat Lahir | F1: Tanggal Lahir | G1: Telp Area Rumah | H1: Telp Rumah | I1: Telp Area Kantor | J1: Telp Kantor | K1: Telp Ext Kantor | L1: Fax Area | M1: Fax | N1: Email | O1: Handphone | P1: Valid Handphone | Q1: Alamat Domisili | R1: Surat Menyurat Ke | S1: Lokasi Pekerjaan | T1: NPWP | U1: PKWT | V1: Tanggal Awal Bekerja | W1: Tanggal Akhir Kontrak | X1: Nama Ibu Kandung | Y1: Kode Bank | Z1: Nama Bank | AA1: No Rekening | AB1: Nama Rekening | AC1: IBU | AD1: NO HP | AE1: EMAIL
A2: 900000186073893 | B2: 26068950158 | C2: 3515063012030001 | D2: BIMA SYAFA FIRDAUS | E2: SIDOARJO | F2: 30-12-2003 | N2: SYAFAFIRDAUS91@GMAIL.COM | O2: 6281216401466 | P2: T | Q2: RT 0/ RW 0 2014 7 3515 KODE POS 0 | R2: S | S2: 3515 | T2: 0 | U2: Y | V2: 01-04-2026 | W2: 31-12-2026 | X2: HINDUN ALKURIYAH | AC2: =VLOOKUP(B2,Sheet2!$D$2:$L$1283,9,0) -> HINDUN ALKURIYAH | AD2: =VLOOKUP(B2,Sheet2!$D$2:$N$1283,10,0) -> 6281216401466 | AE2: =VLOOKUP(B2,Sheet2!$D$2:$N$1283,11,0) -> SYAFAFIRDAUS91@GMAIL.COM
A3: 900000186073896 | B3: 26068950182 | C3: 3217020208010003 | D3: IKSAN SOFIAN | E3: BANDUNG | F3: 02-08-2001 | N3: IKHSANSOFYAN31@GMAIL.COM | O3: 6281572521216 | P3: T | Q3: RT 0/ RW 0 2004 2 3204 KODE POS 0 | R3: S | S3: 3515 | T3: 0 | U3: Y | V3: 01-04-2026 | W3: 31-12-2026 | X3: SITI SOFIAH | AC3: =VLOOKUP(B3,Sheet2!$D$2:$L$1283,9,0) -> SITI SOFIAH | AD3: =VLOOKUP(B3,Sheet2!$D$2:$N$1283,10,0) -> 6281572521216 | AE3: =VLOOKUP(B3,Sheet2!$D$2:$N$1283,11,0) -> IKHSANSOFYAN31@GMAIL.COM
A4: 105003363 | B4: 11031367813 | C4: 3578166508930006 | D4: UMI HANIK AMALIA | E4: SURABAYA | F4: 25-08-1993 | N4: UMMY.HANNY25@GMAIL.COM | O4: 082244489330 | P4: T | Q4: JL.BULAK BANTENG WETAN IXNO.2 SURABAYA | R4: S | T4: 0 | U4: Y | V4: 01-04-2026 | W4: 31-12-2026 | X4: HUSNIA | AC4: =VLOOKUP(B4,Sheet2!$D$2:$L$1283,9,0) -> #N/A | AD4: =VLOOKUP(B4,Sheet2!$D$2:$N$1283,10,0) -> #N/A | AE4: =VLOOKUP(B4,Sheet2!$D$2:$N$1283,11,0) -> #N/A
AC5: =VLOOKUP(B5,Sheet2!$D$2:$L$1283,9,0) -> #N/A | AD5: =VLOOKUP(B5,Sheet2!$D$2:$N$1283,10,0) -> #N/A | AE5: =VLOOKUP(B5,Sheet2!$D$2:$N$1283,11,0) -> #N/A
AC6: =VLOOKUP(B6,Sheet2!$D$2:$L$1283,9,0) -> #N/A | AD6: =VLOOKUP(B6,Sheet2!$D$2:$N$1283,10,0) -> #N/A | AE6: =VLOOKUP(B6,Sheet2!$D$2:$N$1283,11,0) -> #N/A
AC7: =VLOOKUP(B7,Sheet2!$D$2:$L$1283,9,0) -> #N/A | AD7: =VLOOKUP(B7,Sheet2!$D$2:$N$1283,10,0) -> #N/A | AE7: =VLOOKUP(B7,Sheet2!$D$2:$N$1283,11,0) -> #N/A
AC8: =VLOOKUP(B8,Sheet2!$D$2:$L$1283,9,0) -> #N/A | AD8: =VLOOKUP(B8,Sheet2!$D$2:$N$1283,10,0) -> #N/A | AE8: =VLOOKUP(B8,Sheet2!$D$2:$N$1283,11,0) -> #N/A
AC9: =VLOOKUP(B9,Sheet2!$D$2:$L$1283,9,0) -> #N/A | AD9: =VLOOKUP(B9,Sheet2!$D$2:$N$1283,10,0) -> #N/A | AE9: =VLOOKUP(B9,Sheet2!$D$2:$N$1283,11,0) -> #N/A
AC10: =VLOOKUP(B10,Sheet2!$D$2:$L$1283,9,0) -> #N/A | AD10: =VLOOKUP(B10,Sheet2!$D$2:$N$1283,10,0) -> #N/A | AE10: =VLOOKUP(B10,Sheet2!$D$2:$N$1283,11,0) -> #N/A
AC11: =VLOOKUP(B11,Sheet2!$D$2:$L$1283,9,0) -> #N/A | AD11: =VLOOKUP(B11,Sheet2!$D$2:$N$1283,10,0) -> #N/A | AE11: =VLOOKUP(B11,Sheet2!$D$2:$N$1283,11,0) -> #N/A
AC12: =VLOOKUP(B12,Sheet2!$D$2:$L$1283,9,0) -> #N/A | AD12: =VLOOKUP(B12,Sheet2!$D$2:$N$1283,10,0) -> #N/A | AE12: =VLOOKUP(B12,Sheet2!$D$2:$N$1283,11,0) -> #N/A
AC13: =VLOOKUP(B13,Sheet2!$D$2:$L$1283,9,0) -> #N/A | AD13: =VLOOKUP(B13,Sheet2!$D$2:$N$1283,10,0) -> #N/A | AE13: =VLOOKUP(B13,Sheet2!$D$2:$N$1283,11,0) -> #N/A
AC14: =VLOOKUP(B14,Sheet2!$D$2:$L$1283,9,0) -> #N/A | AD14: =VLOOKUP(B14,Sheet2!$D$2:$N$1283,10,0) -> #N/A | AE14: =VLOOKUP(B14,Sheet2!$D$2:$N$1283,11,0) -> #N/A
AC15: =VLOOKUP(B15,Sheet2!$D$2:$L$1283,9,0) -> #N/A | AD15: =VLOOKUP(B15,Sheet2!$D$2:$N$1283,10,0) -> #N/A | AE15: =VLOOKUP(B15,Sheet2!$D$2:$N$1283,11,0) -> #N/A
AC16: =VLOOKUP(B16,Sheet2!$D$2:$L$1283,9,0) -> #N/A | AD16: =VLOOKUP(B16,Sheet2!$D$2:$N$1283,10,0) -> #N/A | AE16: =VLOOKUP(B16,Sheet2!$D$2:$N$1283,11,0) -> #N/A
... AC1402: =VLOOKUP(B1402,Sheet2!$D$2:$L$1283,9,0) -> #N/A | AD1402: =VLOOKUP(B1402,Sheet2!$D$2:$N$1283,10,0) -> #N/A | AE1402: =VLOOKUP(B1402,Sheet2!$D$2:$N$1283,11,0) -> #N/A

Sheet Sheet3
A1: 900000188076812 | B1: 26068390579 | C1: 3515186102060003 | D1: MARISANA MILATAL KHAQ | E1: SIDOARJO | F1: 21-02-2006 | N1: MARISSANAICA@GMAIL.COM | O1: 6281231469851 | P1: T | Q1: RT 0/ RW 0 2011 18 3515 KODE POS 0 | R1: S | T1: 0 | U1: T | V1: 01-05-2026 | W1: 31-12-3000 | X1: RIYANI FITRIA R | AC1: RIYANI FITRIA R | AD1: 6281231469851 | AE1: MARISSANAICA@GMAIL.COM
A2: 900000188076815 | B2: 26068390603 | C2: 3515185707800010 | D2: SITI MALIKAH | E2: BOJONEGORO | F2: 17-07-1980 | N2: TSABITNASABILALKHOIR@GMAIL.COM | O2: 6288231812859 | P2: T | Q2: RT 0/ RW 0 2011 18 3515 KODE POS | R2: S | T2: 0 | U2: T | V2: 01-05-2026 | W2: 31-12-3000 | X2: WAIDJEM | AC2: WAIDJEM | AD2: 6288231812859 | AE2: TSABITNASABILALKHOIR@GMAIL.COM
A3: 900000188076820 | B3: 26068390504 | C3: 3515185605040006 | D3: AISYAH NABILATUS SOLIKHA | E3: SIDOARJO | F3: 16-05-2004 | N3: AISYAHNABILATUS996@GMAIL.COM | O3: 6287703384875 | P3: T | Q3: RT 0/ RW 0 2011 18 3515 KODE POS | R3: S | T3: 0 | U3: T | V3: 01-05-2026 | W3: 31-12-3000 | X3: IKA ROMADHONA | AC3: IKA ROMADHONA | AD3: 6287703384875 | AE3: AISYAHNABILATUS996@GMAIL.COM
A4: 900000188076823 | B4: 26068390538 | C4: 3515180112050002 | D4: MUCHAMMAD HILBRAM WAHYU PUTRA | E4: SIDOARJO | F4: 01-12-2005 | N4: MUCHAMMADHILBRAM@GMAIL.COM | O4: 6287757004076 | P4: T | Q4: RT 0/ RW 0 2011 18 3515 KODE POS 0 | R4: S | T4: 0 | U4: T | V4: 01-05-2026 | W4: 31-12-3000 | X4: THOIFAH | AC4: THOIFAH | AD4: 6287757004076 | AE4: MUCHAMMADHILBRAM@GMAIL.COM
A5: 900000188076826 | B5: 26068390561 | C5: 3515186602950001 | D5: CHURIN LUSIANDY ROMADHONA | E5: SIDOARJO | F5: 26-02-1995 | N5: CLROMADHONA26@GMAIL.COM | O5: 6281330705539 | P5: T | Q5: RT 0/ RW 0 2011 18 3515 KODE POS | R5: S | T5: 0 | U5: T | V5: 01-05-2026 | W5: 31-12-3000 | X5: KHUSNUL QULUQ | AC5: KHUSNUL QULUQ | AD5: 6281330705539 | AE5: CLROMADHONA26@GMAIL.COM
A6: 900000188076829 | B6: 26068390637 | C6: 3515185701980004 | D6: LAILATUZZAKIYAH | E6: SIDOARJO | F6: 17-01-1998 | N6: LAILATUZZAKIYAH@GMAIL.COM | O6: 6285730511224 | P6: T | Q6: RT 0/ RW 0 2011 18 3515 KODE POS 0 | R6: S | T6: 0 | U6: T | V6: 01-05-2026 | W6: 31-12-3000 | X6: HJ. NUR FAIZAH | AC6: HJ. NUR FAIZAH | AD6: 6285730511224 | AE6: LAILATUZZAKIYAH@GMAIL.COM
A7: 900000188076843 | B7: 26068391106 | C7: 3515180303050003 | D7: HASBULLOH MAULANA HUSEIN | E7: SIDOARJO | F7: 03-03-2005 | N7: HASMASEN33@GMAIL.COM | O7: 6285331171826 | P7: T | Q7: RT 0/ RW 0 2011 18 3515 KODE POS 0 | R7: S | T7: 0 | U7: T | V7: 01-05-2026 | W7: 31-12-3000 | X7: NURIL JANAH SRI RAHAYU | AC7: NURIL JANAH SRI RAHAYU | AD7: 6285331171826 | AE7: HASMASEN33@GMAIL.COM
A8: 900000188076852 | B8: 26068390801 | C8: 3515182001020006 | D8: MOH LUKMAN KHAKIM | E8: JOMBANG | F8: 20-01-2002 | N8: MLLUKKMAN@GMAIL.COM | O8: 6289616728493 | P8: T | Q8: RT 0/ RW 0 2011 18 3515 KODE POS 0 | R8: S | T8: 0 | U8: T | V8: 01-05-2026 | W8: 31-12-3000 | X8: SITI UMININ | AC8: SITI UMININ | AD8: 6289616728493 | AE8: MLLUKKMAN@GMAIL.COM
A9: 900000188076854 | B9: 26068390827 | C9: 3515180204010002 | D9: MUHAMMAD ARDIANSYAH | E9: SIDOARJO | F9: 02-04-2001 | N9: VERSYID@GMAIL.COM | O9: 6285831725980 | P9: T | Q9: RT 0/ RW 0 2011 18 3515 KODE POS 0 | R9: S | T9: 0 | U9: T | V9: 01-05-2026 | W9: 31-12-3000 | X9: KATMIASIH | AC9: KATMIASIH | AD9: 6285831725980 | AE9: VERSYID@GMAIL.COM
A10: 900000188076861 | B10: 26068390884 | C10: 3515180808940002 | D10: DHIAN MUR SALEK | E10: SURABAYA | F10: 08-08-1994 | N10: SINGGASANAUNYIL@GMAIL.COM | O10: 6282336637374 | P10: T | Q10: RT 0/ RW 0 2011 18 3515 KODE POS 61256 | R10: S | T10: 0 | U10: T | V10: 01-05-2026 | W10: 31-12-3000 | X10: SUPARTI | AC10: SUPARTI | AD10: 6282336637374 | AE10: SINGGASANAUNYIL@GMAIL.COM
A11: 900000188076863 | B11: 26068390900 | C11: 3515180902990002 | D11: MAS AHMAD FAHMI IDRIS | E11: SURABAYA | F11: 09-02-1999 | N11: MASFEHMI@GMAIL.COM | O11: 6281515447943 | P11: T | Q11: RT 0/ RW 0 2011 18 3515 KODE POS 61256 | R11: S | T11: 0 | U11: T | V11: 01-05-2026 | W11: 31-12-3000 | X11: ANIS KHOIROTI | AC11: ANIS KHOIROTI | AD11: 6281515447943 | AE11: MASFEHMI@GMAIL.COM
A12: 900000188076864 | B12: 26068389795 | C12: 3515172304020002 | D12: M IQBAL BASYA'IR | E12: SIDOARJO | F12: 23-04-2002 | N12: IQBALBASYAIR.SYR@GMAIL.COM | O12: 6285836863429 | P12: T | Q12: RT 0/ RW 0 2011 18 3515 KODE POS | R12: S | T12: 0 | U12: T | V12: 01-05-2026 | W12: 31-12-3000 | X12: NUR ABIDAH | AC12: NUR ABIDAH | AD12: 6285836863429 | AE12: 3515172304020002@GMAIL.COM
... A18: 900000188076884 | B18: 26068390991 | C18: 3506244107000025 | D18: DINA PUSPITA TARI | E18: KEDIRI | F18: 30-09-2005 | N18: DINAPUSPITATARITARI@GMAIL.COM | O18: 6281234211795 | P18: T | Q18: RT 0/ RW 0 2003 24 3515 KODE POS | R18: S | T18: 0 | U18: T | V18: 01-05-2026 | W18: 31-12-3000 | X18: SUSANTI | AC18: SUSANTI | AD18: 6281234211795 | AE18: DINAPUSPITATARITARI@GMAIL.COM
A19: 900000188076889 | B19: 26068390082 | C19: 3515187005050010 | D19: DENATA AMELIA ZAHARA | E19: SIDOARJO | F19: 30-05-2005 | N19: DENATAAMELIAZ@GMAIL.COM | O19: 6283830008391 | P19: T | Q19: RT 0/ RW 0 3515 KODE POS | R19: S | T19: 0 | U19: T | V19: 01-05-2026 | W19: 31-12-3000 | X19: RINA LELIANA | AC19: RINA LELIANA
A20: 900000188076904 | B20: 26068390363 | C20: 3515182811880009 | D20: PRIYA NOVA SEMBADA | E20: NGANJUK | F20: 28-11-1988 | N20: CB.ARBY22@GMAIL.COM | O20: 6285731200396 | P20: T | Q20: RT 0/ RW 0 2011 18 3515 KODE POS 61256 | R20: S | T20: 0 | U20: T | V20: 01-05-2026 | W20: 31-12-3000 | X20: SUPRIATI | AC20: SUPRIATI
A21: 900000188076906 | B21: 26068390389 | C21: 3515186806040006 | D21: YUNITA KUSUMAWATI | E21: SIDOARJO | F21: 28-06-2004 | N21: YUNITAKUSUMAWATI057@GMAIL.COM | O21: 62881027544049 | P21: T | Q21: RT 0/ RW 0 2011 18 3515 KODE POS | R21: S | T21: 0 | U21: T | V21: 01-05-2026 | W21: 31-12-3000 | X21: NUR LAILIYAH | AC21: NUR LAILIYAH
A22: 900000188076907 | B22: 26068390397 | C22: 3515184209050002 | D22: CITA ALFI RAHMADINI | E22: SIDOARJO | F22: 02-09-2005 | N22: CITAALFIRA2005@GMAIL.COM | O22: 628816365683 | P22: T | Q22: RT 0/ RW 0 2011 18 3515 KODE POS 61256 | R22: S | T22: 0 | U22: T | V22: 01-05-2026 | W22: 31-12-3000 | X22: UMUL LAILA | AC22: UMUL LAILA
A23: 900000188076912 | B23: 26068390447 | C23: 3515181501820004 | D23: PANDHU NARWATAMA | E23: SURAKARTA | F23: 15-01-1982 | N23: PANDHUNARWATAMA@GMAIL.COM | O23: 6281331026307 | P23: T | Q23: RT 0/ RW 0 2011 18 3515 KODE POS | R23: S | T23: 0 | U23: T | V23: 01-05-2026 | W23: 31-12-3000 | X23: PINARTI | AC23: PINARTI
A24: 900000188076918 | B24: 26068391155 | C24: 3515182212870006 | D24: AHMAD FAUZAN | E24: PASURUAN | F24: 22-12-1987 | N24: SABILABARKAHFAUZAN@GMAIL.COM | O24: 6282244412130 | P24: T | Q24: RT 0/ RW 0 2011 18 3515 KODE POS | R24: S | T24: 0 | U24: T | V24: 01-05-2026 | W24: 31-12-3000 | X24: KHUSNA | AC24: KHUSNA
A25: 900000188076927 | B25: 26068390009 | C25: 3515180702610001 | D25: DRS.USMAN HIDAYAT, M.PD | E25: BANGKALAN | F25: 07-02-1961 | N25: USMANHIDAYAT007@GMAIL.COM | O25: 62818587090 | P25: T | Q25: RT 0/ RW 0 2011 18 3515 KODE POS 61256 | R25: S | T25: 0 | U25: T | V25: 01-05-2026 | W25: 31-12-3000 | X25: AMINATUS. S | AC25: AMINATUS. S
A26: 900000188076937 | B26: 26068390207 | C26: 3515182611040001 | D26: I. KOMANG THIYO SINDHU ARTADANA | E26: SIDOARJO | F26: 26-11-2004 | N26: SINDHUARTADANA@GMAIL.COM | O26: 6285142293300 | P26: T | Q26: RT 0/ RW 0 2011 18 3515 KODE POS 0 | R26: S | T26: 0 | U26: T | V26: 01-05-2026 | W26: 31-12-3000 | X26: IDA AYU WAYAN RENTET | AC26: IDA AYU WAYAN RENTET
A27: 900000188076952 | B27: 26068389878 | C27: 3515182107040001 | D27: FIRLY RIFALDI ANANDA PRAJOGO | E27: SIDOARJO | F27: 21-07-2004 | N27: FIRLYRIFALDI@GMAIL.COM | O27: 6287858154443 | P27: T | Q27: RT 0/ RW 0 2011 18 3515 KODE POS 0 | R27: S | T27: 0 | U27: T | V27: 01-05-2026 | W27: 31-12-3000 | X27: MASRIATUN | AC27: MASRIATUN
A28: 900000188076954 | B28: 26068389845 | C28: 3515183107790002 | D28: ERIK TRIASMORO | E28: SURABAYA | F28: 31-07-1979 | N28: AYUNG.SUNNI2@GMAIL.COM | O28: 628882378717 | P28: T | Q28: RT 0/ RW 0 2011 18 3515 KODE POS 61256 | R28: S | T28: 0 | U28: T | V28: 01-05-2026 | W28: 31-12-3000 | X28: SUHARNINGSIH | AC28: SUHARNINGSIH
A29: 900000188076957 | B29: 26068389860 | C29: 3515182511800002 | D29: DEDIK NOVIANTO | E29: SIDOARJO | F29: 25-11-1980 | N29: HARTINYNOV2@GMAIL.COM | O29: 6282229974251 | P29: T | Q29: RT 0/ RW 0 2011 18 3515 KODE POS | R29: S | T29: 0 | U29: T | V29: 01-05-2026 | W29: 31-12-3000 | X29: DJUNTIK MUSRIPAH | AC29: DJUNTIK MUSRIPAH
A30: 900000188076959 | B30: 26068389894 | C30: 3515182406720006 | D30: MOCH SOLEH | E30: SURABAYA | F30: 24-06-1972 | N30: DIMASILHAM91463@GMAIL.COM | O30: 6281337847660 | P30: T | Q30: RT 0/ RW 0 2011 18 3515 KODE POS | R30: S | T30: 0 | U30: T | V30: 01-05-2026 | W30: 31-12-3000 | X30: MARIYAM | AC30: MARIYAM
... A43: 900000188602367 | B43: 26068389688 | C43: 3515180312940003 | D43: MUHAMMAD HAFIDZ | E43: SURABAYA | F43: 03-12-1994 | N43: MUHAMMADHAFIDZ26NU@GMAIL.COM | O43: 6283803980526 | P43: T | Q43: RT 0/ RW 0 2011 18 3515 KODE POS 61256 | R43: S | T43: 0 | U43: T | V43: 01-05-2026 | W43: 31-12-3000 | X43: HJ.SHOLIKHAH | AC43: HJ.SHOLIKHAH

Sheet Sheet2
A1: KODE_PEMBINA | B1: NAMA_PEMBINA | C1: KODE_TK | D1: KPJ | E1: KODE_SEGMEN | F1: NPP | G1: NAMA_PEMBINA | H1: NOMOR_IDENTITAS | I1: STATUS_INVALID_IDENTITAS | J1: NAMA_LENGKAP | K1: TGL_LAHIR | L1: NAMA_IBU_KANDUNG | M1: HANDPHONE | N1: EMAIL | O1: NIK_QUALITY | P1: NAMA_QUALITY | Q1: TGL_LAHIR_QUALITY | R1: IBU_QUALITY | S1: HP_QUALITY | T1: EMAIL_QUALITY | U1: TK_AKTIF | V1: TK_BARU | W1: KATEGORI | X1: POTENSI_IBU | Y1: POTENSI_HP | Z1: P_MSG
A2: FE282550 | B2: FELY PRISMAWATI | C2: 900000018335562 | D2: 19046726816 | E2: PU | F2: 15061864 | G2: FELY PRISMAWATI | H2: 3578062508750008 | I2: 0 | J2: MUJIONO | K2: 27631 | L2: MAMI | M2: 6282231073306 | N2: MONO89250@GMAIL.COM | O2: GOOD | P2: GOOD | Q2: GOOD | R2: INACURATE | S2: GOOD | T2: GOOD | U2: 1 | V2: 0 | W2: KUALITAS_TK_AKTIF | Z2: Null
A3: FE282550 | B3: FELY PRISMAWATI | C3: 900000106928719 | D3: 23132247117 | E3: PU | F3: 16010397 | G3: FELY PRISMAWATI | H3: 5371011008780002 | I3: 0 | J3: AGUSTINUS ROBERT ABIA PULEK | K3: 28712 | L3: DORT JE H. PULEK-LOGO | M3: 6282145734516 | N3: ROJRPULEK@GMAIL.COM | O3: GOOD | P3: GOOD | Q3: GOOD | R3: INCOMPLETE | S3: GOOD | T3: GOOD | U3: 1 | V3: 0 | W3: KUALITAS_TK_AKTIF | X3: DORTJE H. PULEK-LOGO | Z3: Null
A4: AD278940 | B4: ADINDA SEPTHIARIYAN | C4: 170302011451334 | D4: 17010182800 | E4: PU | F4: 16019135 | G4: ADINDA SEPTHIARIYAN | H4: E80692008 | I4: 0 | J4: ZHAI HONGGUANG | K4: 23439 | M4: 6281552330603 | N4: KUNSHENGINTERNATIONAL@YAHOO.COM | O4: GOOD | P4: GOOD | Q4: GOOD | R4: INACURATE | S4: GOOD | T4: GOOD | U4: 1 | V4: 0 | W4: KUALITAS_TK_AKTIF | Z4: Null
A5: AM255040 | B5: AMALIA PRAHASTUTI | C5: 900000188022372 | D5: 26065012937 | E5: PU | F5: 16050284 | G5: AMALIA PRAHASTUTI | H5: 3578040907630004 | I5: 0 | J5: BOEDI MOELJONO KOESHARTONO, DRS | K5: 23201 | L5: LIEM GIOK JAN NIO | M5: 6289680373540 | O5: GOOD | P5: GOOD | Q5: GOOD | R5: INCOMPLETE | S5: GOOD | T5: INCOMPLETE | U5: 1 | V5: 1 | W5: KUALITAS_TK_AKTIF | Z5: Null
A6: FE282550 | B6: FELY PRISMAWATI | C6: 170130010383617 | D6: 17003147364 | E6: PU | F6: 17008232 | G6: FELY PRISMAWATI | H6: 9271012105700007 | I6: 0 | J6: LUTFI | K6: 25709 | L6: - | M6: 87855643644 | N6: LUTF978@GMAIL.COM | O6: GOOD | P6: GOOD | Q6: GOOD | R6: INCOMPLETE | S6: GOOD | T6: INACURATE | U6: 1 | V6: 0 | W6: KUALITAS_TK_AKTIF | Z6: Null
A7: SE183690 | B7: SETIAWAN SAPUTRA | C7: 170523013971214 | D7: 17022385342 | E7: PU | F7: 17053147 | G7: SETIAWAN SAPUTRA | H7: E60868692 | I7: 0 | J7: WANG HAILIANG | K7: 30576 | M7: 6282358754150 | N7: WANGHAILIANG@GMAIL.COM | O7: GOOD | P7: GOOD | Q7: GOOD | R7: INACURATE | S7: GOOD | T7: GOOD | U7: 1 | V7: 0 | W7: KUALITAS_TK_AKTIF | Z7: Null
A8: SE183690 | B8: SETIAWAN SAPUTRA | C8: 170608014361714 | D8: 17024847398 | E8: PU | F8: 17059657 | G8: SETIAWAN SAPUTRA | H8: KJ0147723 | I8: 0 | J8: KO SIU CHIT | K8: 29509 | M8: 6281282065888 | O8: GOOD | P8: GOOD | Q8: GOOD | R8: INACURATE | S8: GOOD | T8: INCOMPLETE | U8: 1 | V8: 0 | W8: KUALITAS_TK_AKTIF | Z8: Null
A9: AM255040 | B9: AMALIA PRAHASTUTI | C9: 170714015069566 | D9: 17030548329 | E9: PU | F9: 17071243 | G9: AMALIA PRAHASTUTI | H9: E07435090 | I9: 0 | J9: CAI YONG KANG | K9: 25166 | M9: 6281161116508 | N9: CAI.YONG420@GMAIL.COM | O9: GOOD | P9: GOOD | Q9: GOOD | R9: INACURATE | S9: GOOD | T9: GOOD | U9: 1 | V9: 0 | W9: KUALITAS_TK_AKTIF | Z9: Null
A10: AM255040 | B10: AMALIA PRAHASTUTI | C10: 170714015069569 | D10: 17030548352 | E10: PU | F10: 17071243 | G10: AMALIA PRAHASTUTI | H10: EC8267115 | I10: 0 | J10: OPSIMAR GINA GONZALES | K10: 31018 | M10: 628162118787 | N10: GINA.GONZALES@GMAIL.COM | O10: GOOD | P10: GOOD | Q10: GOOD | R10: INACURATE | S10: GOOD | T10: GOOD | U10: 1 | V10: 0 | W10: KUALITAS_TK_AKTIF | Z10: Null
A11: RE166590 | B11: RENDY JULIAN TRISNA | C11: 900000190171563 | D11: 26080740850 | E11: PU | F11: 18029069 | G11: RENDY JULIAN TRISNA | H11: 5371022112970006 | I11: 0 | J11: RIVAN SAMUEL NGGEBU | K11: 35785 | L11: MARICE SOFIA NGGEBU | M11: 62812361016 | N11: RIVAN.SAMUEL.NGGEBU97@GMAIL.COM | O11: GOOD | P11: GOOD | Q11: GOOD | R11: INCOMPLETE | S11: GOOD | T11: GOOD | U11: 1 | V11: 1 | W11: KUALITAS_TK_AKTIF | X11: MARICE SOFIA NGGEBU | Z11: Null
A12: AM255040 | B12: AMALIA PRAHASTUTI | C12: 900000006251086 | D12: 18054453198 | E12: PU | F12: 18164547 | G12: AMALIA PRAHASTUTI | H12: E41532313 | I12: 0 | J12: MA YONGCHEN | K12: 28863 | M12: 6281924793698 | N12: MAYONGCHEN@GMAIL.COM | O12: GOOD | P12: GOOD | Q12: GOOD | R12: INACURATE | S12: GOOD | T12: GOOD | U12: 1 | V12: 0 | W12: KUALITAS_TK_AKTIF | Z12: Null
A13: FE282550 | B13: FELY PRISMAWATI | C13: 900000007890956 | D13: 18069630459 | E13: PU | F13: 18231573 | G13: FELY PRISMAWATI | H13: E09611292 | I13: 0 | J13: WANG YONGGUANG | K13: 25142 | M13: 628158765430 | N13: YONGGUANG31@GMAIL.COM | O13: GOOD | P13: GOOD | Q13: GOOD | R13: INACURATE | S13: GOOD | T13: GOOD | U13: 1 | V13: 0 | W13: KUALITAS_TK_AKTIF | Z13: Null
A14: FE282550 | B14: FELY PRISMAWATI | C14: 900000007890752 | D14: 18069630467 | E14: PU | F14: 18231573 | G14: FELY PRISMAWATI | H14: E59648150 | I14: 0 | J14: DING DIANHUI | K14: 21423 | M14: 81621133623 | N14: DIANHUI26@GMAIL.COM | O14: GOOD | P14: GOOD | Q14: GOOD | R14: INACURATE | S14: GOOD | T14: GOOD | U14: 1 | V14: 0 | W14: KUALITAS_TK_AKTIF | Z14: Null
A15: FE282550 | B15: FELY PRISMAWATI | C15: 900000182350289 | D15: 26047317206 | E15: PU | F15: 18246402 | G15: FELY PRISMAWATI | H15: 3329161512990005 | I15: 0 | J15: ARYANTO WIHATMOJO | K15: 36144 | L15: HENI TUSYANTI | M15: 6285799483846 | N15: AWMARLIQUE@GMAIL.COM | O15: GOOD | P15: GOOD | Q15: GOOD | R15: INACURATE | S15: GOOD | T15: GOOD | U15: 1 | V15: 1 | W15: KUALITAS_TK_AKTIF | Z15: Null
A16: AM255040 | B16: AMALIA PRAHASTUTI | C16: 900000013798767 | D16: 19004885943 | E16: PU | F16: 19020038 | G16: AMALIA PRAHASTUTI | H16: 3515174709740001 | I16: 0 | J16: PENNY SRI RAHAYU | K16: 27279 | L16: - | M16: 628123074431 | N16: PENNY_CPM@YAHOO.COM | O16: GOOD | P16: GOOD | Q16: GOOD | R16: INCOMPLETE | S16: GOOD | T16: GOOD | U16: 1 | V16: 0 | W16: KUALITAS_TK_AKTIF | Z16: Null
A17: RE166590 | B17: RENDY JULIAN TRISNA | C17: 900000186574873 | D17: 26054724575 | E17: PU | F17: 19150483 | G17: RENDY JULIAN TRISNA | H17: 3513071609960002 | I17: 0 | J17: SURIYANTO | K17: 35324 | L17: ERNAWATI | M17: 62895320587601 | N17: SURIYANTO99@GMAIL.COM | O17: GOOD | P17: GOOD | Q17: GOOD | R17: INCOMPLETE | S17: GOOD | T17: INUNIQUENESS | U17: 1 | V17: 1 | W17: KUALITAS_TK_AKTIF | Z17: Null
A18: RE166590 | B18: RENDY JULIAN TRISNA | C18: 900000186574787 | D18: 26054722918 | E18: PU | F18: 19150483 | G18: RENDY JULIAN TRISNA | H18: 3507191910970005 | I18: 0 | J18: BAGAS ARIYA DI PANGGA | K18: 35722 | L18: NUNUK HERAWATI | M18: 6289613473495 | O18: GOOD | P18: GOOD | Q18: GOOD | R18: INCOMPLETE | S18: GOOD | T18: INCOMPLETE | U18: 1 | V18: 1 | W18: KUALITAS_TK_AKTIF | Z18: Null
A19: RE166590 | B19: RENDY JULIAN TRISNA | C19: 900000186574860 | D19: 26054724187 | E19: PU | F19: 19150483 | G19: RENDY JULIAN TRISNA | H19: 3507096901890003 | I19: 0 | J19: SHINTA DEWI KUSWANDARI | K19: 32537 | L19: TITIK KUSRINI | M19: 6281216747366 | N19: SHINTADEWIKUSWANDARI18@GMAIL.COM | O19: GOOD | P19: GOOD | Q19: GOOD | R19: INCOMPLETE | S19: GOOD | T19: GOOD | U19: 1 | V19: 1 | W19: KUALITAS_TK_AKTIF | Z19: Null
A20: RE166590 | B20: RENDY JULIAN TRISNA | C20: 900000186574791 | D20: 26054723023 | E20: PU | F20: 19150483 | G20: RENDY JULIAN TRISNA | H20: 3578032812900003 | I20: 0 | J20: DAUD ABSHAR AFIFAINUDDIN | K20: 33235 | L20: MINUK INDAH PUDJIARIATI | M20: 6283135368804 | O20: GOOD | P20: GOOD | Q20: GOOD | R20: INCOMPLETE | S20: GOOD | T20: INCOMPLETE | U20: 1 | V20: 1 | W20: KUALITAS_TK_AKTIF | Z20: Null
A21: RE166590 | B21: RENDY JULIAN TRISNA | C21: 900000036783450 | D21: 21005395815 | E21: PU | F21: 19150483 | G21: RENDY JULIAN TRISNA | H21: 3577026302830002 | I21: 0 | J21: PURNAWATI | K21: 30370 | L21: MUJIATI | M21: 6281335003883 | N21: PURNAANA74@GMAIL.COM | O21: GOOD | P21: GOOD | Q21: GOOD | R21: INCOMPLETE | S21: GOOD | T21: GOOD | U21: 1 | V21: 0 | W21: KUALITAS_TK_AKTIF | X21: MUJIATI | Z21: Null
A22: RE166590 | B22: RENDY JULIAN TRISNA | C22: 900000186574876 | D22: 26054724591 | E22: PU | F22: 19150483 | G22: RENDY JULIAN TRISNA | H22: 3508046006720002 | I22: 0 | J22: SURYATI | K22: 26470 | L22: SRIANI | M22: 6285853289706 | O22: GOOD | P22: GOOD | Q22: GOOD | R22: INCOMPLETE | S22: GOOD | T22: INCOMPLETE | U22: 1 | V22: 1 | W22: KUALITAS_TK_AKTIF | Z22: Null
A23: RE166590 | B23: RENDY JULIAN TRISNA | C23: 900000186574878 | D23: 26054724617 | E23: PU | F23: 19150483 | G23: RENDY JULIAN TRISNA | H23: 3508044109890001 | I23: 0 | J23: TITIN WEKE MUSTIKA WAHYUNI | K23: 32752 | L23: SUKRISTIN MEGAWATI | M23: 6285785255026 | N23: TITINWEKEMUSTIKAWAHYUNI98@GMAIL.COM | O23: GOOD | P23: GOOD | Q23: GOOD | R23: INCOMPLETE | S23: GOOD | T23: GOOD | U23: 1 | V23: 1 | W23: KUALITAS_TK_AKTIF | Z23: Null
A24: RE166590 | B24: RENDY JULIAN TRISNA | C24: 900000186574866 | D24: 26054724252 | E24: PU | F24: 19150483 | G24: RENDY JULIAN TRISNA | H24: 3517056504960001 | I24: 0 | J24: SRI LUPI TIRANTI | K24: 35180 | L24: SUSMIATI | M24: 6281316902196 | N24: SRILUPITIRANTI49@GMAIL.COM | O24: GOOD | P24: GOOD | Q24: GOOD | R24: INCOMPLETE | S24: GOOD | T24: GOOD | U24: 1 | V24: 1 | W24: KUALITAS_TK_AKTIF | Z24: Null
A25: RE166590 | B25: RENDY JULIAN TRISNA | C25: 900000186574794 | D25: 26054723049 | E25: PU | F25: 19150483 | G25: RENDY JULIAN TRISNA | H25: 3508046609690001 | I25: 0 | J25: DWI ENI SUPRAPTI | K25: 25472 | L25: NIFIN | M25: 6281232779772 | O25: GOOD | P25: GOOD | Q25: GOOD | R25: INCOMPLETE | S25: GOOD | T25: INCOMPLETE | U25: 1 | V25: 1 | W25: KUALITAS_TK_AKTIF | Z25: Null
A26: RE166590 | B26: RENDY JULIAN TRISNA | C26: 900000186574807 | D26: 26054723254 | E26: PU | F26: 19150483 | G26: RENDY JULIAN TRISNA | H26: 3504035506890001 | I26: 0 | J26: FITROTUL LATHIFAH | K26: 32674 | L26: MINGGIROTIN | M26: 6285236865354 | N26: FITROTULLATHIFAH68@GMAIL.COM | O26: GOOD | P26: GOOD | Q26: GOOD | R26: INCOMPLETE | S26: GOOD | T26: GOOD | U26: 1 | V26: 1 | W26: KUALITAS_TK_AKTIF | Z26: Null
A27: RE166590 | B27: RENDY JULIAN TRISNA | C27: 900000186574838 | D27: 26054724518 | E27: PU | F27: 19150483 | G27: RENDY JULIAN TRISNA | H27: 3514125211830002 | I27: 0 | J27: NANIK PRIMADONA | K27: 30632 | L27: ESTER NILAWATI | M27: 628123533524 | O27: GOOD | P27: GOOD | Q27: GOOD | R27: INCOMPLETE | S27: GOOD | T27: INCOMPLETE | U27: 1 | V27: 1 | W27: KUALITAS_TK_AKTIF | Z27: Null
A28: RE166590 | B28: RENDY JULIAN TRISNA | C28: 900000186574788 | D28: 26054722942 | E28: PU | F28: 19150483 | G28: RENDY JULIAN TRISNA | H28: 3524090705890003 | I28: 0 | J28: BETRI ABDUL ROHMAN | K28: 32635 | L28: SUWARTI | M28: 6287872315932 | O28: GOOD | P28: GOOD | Q28: GOOD | R28: INCOMPLETE | S28: GOOD | T28: INCOMPLETE | U28: 1 | V28: 1 | W28: KUALITAS_TK_AKTIF | Z28: Null
A29: RE166590 | B29: RENDY JULIAN TRISNA | C29: 900000186574796 | D29: 26054723072 | E29: PU | F29: 19150483 | G29: RENDY JULIAN TRISNA | H29: 3518141406650003 | I29: 0 | J29: EDY DARIJANTO | K29: 23907 | L29: SUPARMI | M29: 6285235542328 | O29: GOOD | P29: GOOD | Q29: GOOD | R29: INCOMPLETE | S29: GOOD | T29: INCOMPLETE | U29: 1 | V29: 1 | W29: KUALITAS_TK_AKTIF | Z29: Null
A30: RE166590 | B30: RENDY JULIAN TRISNA | C30: 900000186574789 | D30: 26054722967 | E30: PU | F30: 19150483 | G30: RENDY JULIAN TRISNA | H30: 3577032908880001 | I30: 0 | J30: BIMA PRIMAGA YUDHA | K30: 32384 | L30: SURTI SUKANTI | M30: 6282233353085 | O30: GOOD | P30: GOOD | Q30: GOOD | R30: INCOMPLETE | S30: GOOD | T30: INCOMPLETE | U30: 1 | V30: 1 | W30: KUALITAS_TK_AKTIF | Z30: Null
A31: RE166590 | B31: RENDY JULIAN TRISNA | C31: 900000186574816 | D31: 26054724310 | E31: PU | F31: 19150483 | G31: RENDY JULIAN TRISNA | H31: 3510207011770006 | I31: 0 | J31: ISTIANAH MARDIA | K31: 28459 | L31: SUTIYAH | M31: 6282145157378 | O31: GOOD | P31: GOOD | Q31: GOOD | R31: INCOMPLETE | S31: GOOD | T31: INCOMPLETE | U31: 1 | V31: 1 | W31: KUALITAS_TK_AKTIF | Z31: Null
A32: RE166590 | B32: RENDY JULIAN TRISNA | C32: 900000186574852 | D32: 26054724120 | E32: PU | F32: 19150483 | G32: RENDY JULIAN TRISNA | H32: 3513043010990001 | I32: 0 | J32: RIZQI WIDIYANTO | K32: 36463 | L32: TUTIK HERIYATI | M32: 6281232746921 | O32: GOOD | P32: GOOD | Q32: GOOD | R32: INCOMPLETE | S32: GOOD | T32: INCOMPLETE | U32: 1 | V32: 1 | W32: KUALITAS_TK_AKTIF | Z32: Null
A33: RE166590 | B33: RENDY JULIAN TRISNA | C33: 900000186574858 | D33: 26054724179 | E33: PU | F33: 19150483 | G33: RENDY JULIAN TRISNA | H33: 3502191809830001 | I33: 0 | J33: SARTONO | K33: 30577 | L33: SARMINI | M33: 6281230174399 | O33: GOOD | P33: GOOD | Q33: GOOD | R33: INCOMPLETE | S33: GOOD | T33: INCOMPLETE | U33: 1 | V33: 1 | W33: KUALITAS_TK_AKTIF | Z33: Null
A34: RE166590 | B34: RENDY JULIAN TRISNA | C34: 900000186574778 | D34: 26054722694 | E34: PU | F34: 19150483 | G34: RENDY JULIAN TRISNA | H34: 3509212608950001 | I34: 0 | J34: ANDRIANUS RICHO TAKAHINDANGEN | K34: 34937 | L34: YOVIA AGUSTINA | M34: 6285704291702 | N34: RIKORELAWAN24@GMAIL.COM | O34: GOOD | P34: GOOD | Q34: GOOD | R34: INCOMPLETE | S34: GOOD | T34: GOOD | U34: 1 | V34: 1 | W34: KUALITAS_TK_AKTIF | Z34: Null
A35: TU263440 | B35: TUMIAR ROHANA SIMANJUNTAK | C35: 900000192915449 | D35: 26099611340 | E35: PU | F35: 19346578 | G35: TUMIAR ROHANA SIMANJUNTAK | H35: 3515040104070001 | I35: 0 | J35: ABYANSYAH DA'VAREL | K35: 39173 | L35: SUHARTATIK | M35: 6289515661561 | N35: ABIYANSYAHDAFAREL@GMAIL.COM | O35: GOOD | P35: GOOD | Q35: GOOD | R35: INACURATE | S35: GOOD | T35: GOOD | U35: 1 | V35: 1 | W35: KUALITAS_TK_AKTIF | X35: SUHARTATIK | Z35: Null
A36: TU263440 | B36: TUMIAR ROHANA SIMANJUNTAK | C36: 900000184086901 | D36: 26045784845 | E36: PU | F36: 19346578 | G36: TUMIAR ROHANA SIMANJUNTAK | H36: 3514121501950004 | I36: 0 | J36: TEGUH | K36: 34714 | L36: NIKMAWATI | M36: 62895601068800 | N36: TEGUH19@GMAIL.COM | O36: GOOD | P36: GOOD | Q36: GOOD | R36: INACURATE | S36: GOOD | T36: INUNIQUENESS | U36: 1 | V36: 1 | W36: KUALITAS_TK_AKTIF | Z36: Null
A37: YU274390 | B37: YURISCA PUTRI MAHARDINI | C37: 900000194102258 | D37: 26101026784 | E37: PU | F37: 20014468 | G37: YURISCA PUTRI MAHARDINI | H37: 3515135512020001 | I37: 0 | J37: SUROTUL HUMIROH | K37: 37575 | L37: SITI NUR HASANAH | M37: 6281932125140 | N37: HUMIROHSUROTUL@GMAIL.COM | O37: GOOD | P37: GOOD | Q37: GOOD | R37: INACURATE | S37: GOOD | T37: GOOD | U37: 1 | V37: 1 | W37: KUALITAS_TK_AKTIF | X37: SITI NUR HASANAH | Z37: Null
A38: IR138520 | B38: IRSAN SIGMA OCTAVIAN | C38: 160126001461508 | D38: 16006634758 | E38: PU | F38: 20023498 | G38: IRSAN SIGMA OCTAVIAN | H38: 6471013112760046 | I38: 0 | J38: ALIAS.M | K38: 28125 | L38: AISYAH | M38: 6289517979034 | N38: ATOMUSTAFA76@GMAIL.COM | O38: GOOD | P38: GOOD | Q38: GOOD | R38: INCOMPLETE | S38: GOOD | T38: GOOD | U38: 1 | V38: 0 | W38: KUALITAS_TK_AKTIF | X38: AISYAH | Z38: Null
A39: IR138520 | B39: IRSAN SIGMA OCTAVIAN | C39: 171627181 | D39: 15049659491 | E39: PU | F39: 20023498 | G39: IRSAN SIGMA OCTAVIAN | H39: 6471020604830002 | I39: 0 | J39: SUPRAPTO | K39: 30412 | L39: MARLIYAH | M39: 6285246526658 | N39: PRAPTO.ATHENA@GMAIL.COM | O39: GOOD | P39: GOOD | Q39: GOOD | R39: INCOMPLETE | S39: GOOD | T39: GOOD | U39: 1 | V39: 0 | W39: KUALITAS_TK_AKTIF | X39: MARLIYAH | Z39: Null
A40: IR138520 | B40: IRSAN SIGMA OCTAVIAN | C40: 900000042453302 | D40: 21033506037 | E40: PU | F40: 20023498 | G40: IRSAN SIGMA OCTAVIAN | H40: 6.471052e+15 | I40: 0 | J40: SAMSURI JUHARI | K40: 27534 | L40: NORSAM | M40: 6285654147926 | N40: SAMSURIJUHARI89@GMAIL.COM | O40: GOOD | P40: GOOD | Q40: GOOD | R40: INCOMPLETE | S40: GOOD | T40: GOOD | U40: 1 | V40: 0 | W40: KUALITAS_TK_AKTIF | X40: NORSAM | Z40: Null
A41: IR138520 | B41: IRSAN SIGMA OCTAVIAN | C41: 900000130379080 | D41: 24073226391 | E41: PU | F41: 20023498 | G41: IRSAN SIGMA OCTAVIAN | H41: 6471042306020002 | I41: 0 | J41: NABILAL MUHAMMAD SURYA | K41: 37430 | L41: NORMAWATI | M41: 6285650841378 | N41: SURYAERVANDII2@GMAIL.COM | O41: GOOD | P41: GOOD | Q41: GOOD | R41: INCOMPLETE | S41: GOOD | T41: GOOD | U41: 1 | V41: 0 | W41: KUALITAS_TK_AKTIF | X41: NORMAWATI | Z41: Null
A42: IR138520 | B42: IRSAN SIGMA OCTAVIAN | C42: 59386336 | D42: 09005112108 | E42: PU | F42: 20023498 | G42: IRSAN SIGMA OCTAVIAN | H42: 6471052012680008 | I42: 0 | J42: ANDI SAID | K42: 25192 | L42: WA GAMBARA | M42: 628884225819 | N42: ANDISAID6820@GMAIL.COM | O42: GOOD | P42: GOOD | Q42: GOOD | R42: INCOMPLETE | S42: GOOD | T42: GOOD | U42: 1 | V42: 0 | W42: KUALITAS_TK_AKTIF | X42: WA GAMBARA | Z42: Null
A43: IR138520 | B43: IRSAN SIGMA OCTAVIAN | C43: 900000108001448 | D43: 23130012216 | E43: PU | F43: 20023498 | G43: IRSAN SIGMA OCTAVIAN | H43: 6471031505040001 | I43: 0 | J43: ARIANSYAH | K43: 38122 | L43: SEHMI | M43: 6285650800454 | N43: ARYAARIANSYAH3@GMAIL.COM | O43: GOOD | P43: GOOD | Q43: GOOD | R43: INCOMPLETE | S43: GOOD | T43: GOOD | U43: 1 | V43: 0 | W43: KUALITAS_TK_AKTIF | X43: SEHMI | Z43: Null
A44: IR138520 | B44: IRSAN SIGMA OCTAVIAN | C44: 170489264 | D44: 15042006146 | E44: PU | F44: 20023498 | G44: IRSAN SIGMA OCTAVIAN | H44: 6471050204690002 | I44: 0 | J44: ASRIANDINI | K44: 25295 | L44: SITI ROHANI (ALM) | M44: 6281346672315 | N44: ASRIANDINI69710@GMAIL.COM | O44: GOOD | P44: GOOD | Q44: GOOD | R44: INCOMPLETE | S44: GOOD | T44: GOOD | U44: 1 | V44: 0 | W44: KUALITAS_TK_AKTIF | X44: SITI ROHANI (ALM) | Z44: Null
A45: IR138520 | B45: IRSAN SIGMA OCTAVIAN | C45: 900000031164265 | D45: 20055719445 | E45: PU | F45: 20160413 | G45: IRSAN SIGMA OCTAVIAN | H45: 3578015002830004 | I45: 0 | J45: IKA DARMAYANTI | K45: 30357 | L45: -- | M45: 6281999422828 | N45: DARMAYANTI100283@GMAIL.COM | O45: GOOD | P45: GOOD | Q45: GOOD | R45: INCOMPLETE | S45: GOOD | T45: GOOD | U45: 1 | V45: 0 | W45: KUALITAS_TK_AKTIF | Z45: Null
A46: YU274390 | B46: YURISCA PUTRI MAHARDINI | C46: 900000192636150 | D46: 26098369163 | E46: PU | F46: 20171085 | G46: YURISCA PUTRI MAHARDINI | H46: 3524090911930001 | I46: 0 | J46: LAZIM PRIADI | K46: 34282 | L46: YASMAUNAH | M46: 628983782541 | N46: LAZIMPRIADI09@GMAIL.COM | O46: GOOD | P46: GOOD | Q46: GOOD | R46: INCOMPLETE | S46: GOOD | T46: GOOD | U46: 1 | V46: 1 | W46: KUALITAS_TK_AKTIF | Z46: Null
A47: FE282550 | B47: FELY PRISMAWATI | C47: 900000190104818 | D47: 26081938925 | E47: PU | F47: 21084861 | G47: FELY PRISMAWATI | H47: 3525132906000002 | I47: 0 | J47: MUHAMMAD RIO KURNIAWAN | K47: 36706 | L47: SITI MUAFAH | M47: 6285334228911 | N47: MUHAMMADRIOKURNIAWAN60@GMAIL.COM | O47: GOOD | P47: GOOD | Q47: GOOD | R47: INCOMPLETE | S47: GOOD | T47: GOOD | U47: 1 | V47: 1 | W47: KUALITAS_TK_AKTIF | Z47: Null
A48: OV162600 | B48: OVRIE RIZKYA MAHA PUTRA | C48: 900000184752121 | D48: 26057397155 | E48: PU | F48: 21144047 | G48: OVRIE RIZKYA MAHA PUTRA | H48: 6303061109030001 | I48: 0 | J48: RIYALDI | K48: 37875 | L48: NURSIAH | M48: 6283147810852 | N48: RIYALDI981@GMAIL.COM | O48: GOOD | P48: GOOD | Q48: GOOD | R48: INCOMPLETE | S48: GOOD | T48: GOOD | U48: 1 | V48: 1 | W48: KUALITAS_TK_AKTIF | Z48: Null
A49: AD278940 | B49: ADINDA SEPTHIARIYAN | C49: 900000187342862 | D49: 26062116392 | E49: PU | F49: 21162352 | G49: ADINDA SEPTHIARIYAN | H49: 3523035102010001 | I49: 0 | J49: DEWI TIKASARI | K49: 36933 | L49: SARTI | M49: 628817064354 | N49: DEWITIKASARI56@GMAIL.COM | O49: GOOD | P49: GOOD | Q49: GOOD | R49: INCOMPLETE | S49: GOOD | T49: GOOD | U49: 1 | V49: 1 | W49: KUALITAS_TK_AKTIF | Z49: Null
A50: RE166590 | B50: RENDY JULIAN TRISNA | C50: 900000182504246 | D50: 26032884210 | E50: PU | F50: 21173344 | G50: RENDY JULIAN TRISNA | H50: 7371024101980005 | I50: 0 | J50: ANDI MUSTIKA DEWI R | K50: 35796 | L50: HJ INDO ENRE | M50: 6288696095615 | N50: ANDIMUSTIKADEWIR@GMAIL.COM | O50: GOOD | P50: GOOD | Q50: GOOD | R50: INCOMPLETE | S50: GOOD | T50: GOOD | U50: 1 | V50: 1 | W50: KUALITAS_TK_AKTIF | Z50: Null
A51: AM255040 | B51: AMALIA PRAHASTUTI | C51: 900000048239862 | D51: 21078322100 | E51: PU | F51: 21188473 | G51: AMALIA PRAHASTUTI | H51: 5371010603900001 | I51: 0 | J51: MARDI VIKY ASFANI TOY | K51: 32938 | L51: MAGDALENA TOY | M51: 6281230223772 | N51: MARDITOY90@GMAIL.COM | O51: GOOD | P51: GOOD | Q51: GOOD | R51: INCOMPLETE | S51: GOOD | T51: GOOD | U51: 1 | V51: 0 | W51: KUALITAS_TK_AKTIF | X51: MAGDALENA TOY | Z51: Null
A52: TU263440 | B52: TUMIAR ROHANA SIMANJUNTAK | C52: 900000191509280 | D52: 26088551200 | E52: PU | F52: 21213059 | G52: TUMIAR ROHANA SIMANJUNTAK | H52: 3213092504040003 | I52: 0 | J52: MUHAMAD AKBAR ADITYA | K52: 38102 | L52: ENDANG SUSILAWATI | M52: 6288289710496 | O52: GOOD | P52: GOOD | Q52: GOOD | R52: INCOMPLETE | S52: GOOD | T52: INCOMPLETE | U52: 1 | V52: 1 | W52: KUALITAS_TK_AKTIF | Z52: Null
A53: TU263440 | B53: TUMIAR ROHANA SIMANJUNTAK | C53: 900000192870382 | D53: 26094470882 | E53: PU | F53: 21213059 | G53: TUMIAR ROHANA SIMANJUNTAK | H53: 3216100707040004 | I53: 0 | J53: MUHAMAD RAFLI ARRASID | K53: 38175 | L53: NYAI | M53: 6289507342364 | O53: GOOD | P53: GOOD | Q53: GOOD | R53: INCOMPLETE | S53: GOOD | T53: INCOMPLETE | U53: 1 | V53: 1 | W53: KUALITAS_TK_AKTIF | Z53: Null
A54: FE282550 | B54: FELY PRISMAWATI | C54: 900000188652660 | D54: 26069149388 | E54: PU | F54: 22012735 | G54: FELY PRISMAWATI | H54: 3578235107940001 | I54: 0 | J54: INDRIATI ROCHMAH DARMAYANTI | K54: 34526 | L54: SUNDIYANIS, SH. | M54: 6281325549001 | N54: INDRIROCHMAH@GMAIL.COM | O54: GOOD | P54: GOOD | Q54: GOOD | R54: INCOMPLETE | S54: GOOD | T54: GOOD | U54: 1 | V54: 1 | W54: KUALITAS_TK_AKTIF | Z54: Null
A55: RE166590 | B55: RENDY JULIAN TRISNA | C55: 900000186590072 | D55: 26053652074 | E55: PU | F55: 22013271 | G55: RENDY JULIAN TRISNA | H55: 3578176607830005 | I55: 0 | J55: KIKI YULI VITRIASARI | K55: 30523 | L55: SULISTINAH | M55: 6289906590072 | N55: KIKIYULIVITRIASARI@GMAIL.COM | O55: GOOD | P55: GOOD | Q55: GOOD | R55: INCOMPLETE | S55: GOOD | T55: GOOD | U55: 1 | V55: 1 | W55: KUALITAS_TK_AKTIF | Z55: Null
A56: RE166590 | B56: RENDY JULIAN TRISNA | C56: 900000186590236 | D56: 26053658659 | E56: PU | F56: 22013710 | G56: RENDY JULIAN TRISNA | H56: 3578105806600003 | I56: 0 | J56: SOETJIATI | K56: 22085 | L56: SOEKANI | M56: 6289630588565 | N56: SOETJIATI66@GMAIL.COM | O56: GOOD | P56: GOOD | Q56: GOOD | R56: INCOMPLETE | S56: GOOD | T56: GOOD | U56: 1 | V56: 1 | W56: KUALITAS_TK_AKTIF | Z56: Null
A57: RE166590 | B57: RENDY JULIAN TRISNA | C57: 900000186591330 | D57: 26053660069 | E57: PU | F57: 22013762 | G57: RENDY JULIAN TRISNA | H57: 3578314407850002 | I57: 0 | J57: RAMI RAPIATI | K57: 31232 | L57: KARMINI | M57: 6289630500565 | N57: RAMIRAPIATI78@GMAIL.COM | O57: GOOD | P57: GOOD | Q57: GOOD | R57: INCOMPLETE | S57: GOOD | T57: GOOD | U57: 1 | V57: 1 | W57: KUALITAS_TK_AKTIF | Z57: Null
A58: RE166590 | B58: RENDY JULIAN TRISNA | C58: 900000186591331 | D58: 26053660077 | E58: PU | F58: 22013762 | G58: RENDY JULIAN TRISNA | H58: 3524265911890003 | I58: 0 | J58: ROSYIDATUL MAMDUHAH | K58: 32831 | L58: MAIZUN | M58: 6289600588565 | N58: ROSYIDATULMAMDUHAH18@GMAIL.COM | O58: GOOD | P58: GOOD | Q58: GOOD | R58: INCOMPLETE | S58: GOOD | T58: GOOD | U58: 1 | V58: 1 | W58: KUALITAS_TK_AKTIF | Z58: Null
A59: TU263440 | B59: TUMIAR ROHANA SIMANJUNTAK | C59: 900000052706749 | D59: 22004611095 | E59: PU | F59: 22014404 | G59: TUMIAR ROHANA SIMANJUNTAK | H59: 3578144507540001 | I59: 0 | J59: SUTIEK JULIATI | K59: 19910 | L59: MAMI | M59: 628121683640 | N59: SUTIEK88@GMAIL.COM | O59: GOOD | P59: GOOD | Q59: GOOD | R59: INACURATE | S59: GOOD | T59: INACURATE | U59: 1 | V59: 0 | W59: KUALITAS_TK_AKTIF | Z59: Null
A60: TU263440 | B60: TUMIAR ROHANA SIMANJUNTAK | C60: 900000053153533 | D60: 22004938050 | E60: PU | F60: 22015450 | G60: TUMIAR ROHANA SIMANJUNTAK | H60: 3578036301820001 | I60: 0 | J60: ARI WIDIASTUTIK | K60: 29974 | L60: RIYANTI | M60: 6285655052892 | N60: ARIWIDISAJA@GMAIL.COM | O60: GOOD | P60: GOOD | Q60: GOOD | R60: INCOMPLETE | S60: GOOD | T60: GOOD | U60: 1 | V60: 0 | W60: KUALITAS_TK_AKTIF | X60: RIYANTI | Z60: Null
A61: RE166590 | B61: RENDY JULIAN TRISNA | C61: 900000091688859 | D61: 23028183285 | E61: PU | F61: 22016217 | G61: RENDY JULIAN TRISNA | H61: 1671026911000007 | I61: 0 | J61: NYIMAS SUCI RAHMAWATI | K61: 36859 | L61: DWI PARMEISURI | M61: 6282371925752 | N61: NYSSUCIRAHMAWATI@GMAIL.COM | O61: GOOD | P61: GOOD | Q61: GOOD | R61: INCOMPLETE | S61: GOOD | T61: GOOD | U61: 1 | V61: 0 | W61: KUALITAS_TK_AKTIF | X61: DWI PARMEISURI | Z61: Null
A62: RE166590 | B62: RENDY JULIAN TRISNA | C62: 900000187934502 | D62: 26064369270 | E62: PU | F62: 22016217 | G62: RENDY JULIAN TRISNA | H62: 3172045209000006 | I62: 0 | J62: FIDIA SARI | K62: 36750 | L62: MAMI | M62: 6289636441213 | N62: FIDIFIDIA1208@GMAIL.COM | O62: GOOD | P62: GOOD | Q62: GOOD | R62: INACURATE | S62: GOOD | T62: GOOD | U62: 1 | V62: 1 | W62: KUALITAS_TK_AKTIF | Z62: Null
A63: YU274390 | B63: YURISCA PUTRI MAHARDINI | C63: 900000192456005 | D63: 26093160385 | E63: PU | F63: 22023429 | G63: YURISCA PUTRI MAHARDINI | H63: 5207033001080001 | I63: 0 | J63: M BAYU SAPUTRA | K63: 39477 | L63: MARIATUN | M63: 6285799865221 | O63: GOOD | P63: GOOD | Q63: GOOD | R63: INCOMPLETE | S63: GOOD | T63: INCOMPLETE | U63: 1 | V63: 1 | W63: KUALITAS_TK_AKTIF | Z63: Null
A64: TU263440 | B64: TUMIAR ROHANA SIMANJUNTAK | C64: 900000184777726 | D64: 26048074335 | E64: PU | F64: 22042003 | G64: TUMIAR ROHANA SIMANJUNTAK | H64: 3175092809000001 | I64: 0 | J64: ADI INDRA IRAWAN | K64: 36797 | L64: LIKHAYATI | M64: 6285609280900 | N64: ADIINDRAIRAWAN90@GMAIL.COM | O64: GOOD | P64: GOOD | Q64: GOOD | R64: INCOMPLETE | S64: GOOD | T64: GOOD | U64: 1 | V64: 1 | W64: KUALITAS_TK_AKTIF | Z64: Null
A65: AM255040 | B65: AMALIA PRAHASTUTI | C65: 900000186847244 | D65: 26074324059 | E65: PU | F65: 22097366 | G65: AMALIA PRAHASTUTI | H65: 3578243006020002 | I65: 0 | J65: MUTASHIM ABDIL HAQQ | K65: 37437 | L65: ARIE SUCAHYOWATI | M65: 6289524633743 | N65: AABDILHAQQ@GMAIL.COM | O65: GOOD | P65: GOOD | Q65: GOOD | R65: INACURATE | S65: GOOD | T65: GOOD | U65: 1 | V65: 1 | W65: KUALITAS_TK_AKTIF | Z65: Null
A66: AM255040 | B66: AMALIA PRAHASTUTI | C66: 900000189168777 | D66: 26094213753 | E66: PU | F66: 22097366 | G66: AMALIA PRAHASTUTI | H66: 3578033005920003 | I66: 0 | J66: FATH HAMDHANI PUTRA | K66: 33754 | L66: YURINIWATI | M66: 6281330628289 | O66: GOOD | P66: GOOD | Q66: GOOD | R66: INACURATE | S66: GOOD | T66: INCOMPLETE | U66: 1 | V66: 1 | W66: KUALITAS_TK_AKTIF | Z66: Null
A67: AM255040 | B67: AMALIA PRAHASTUTI | C67: 900000186847243 | D67: 26074324042 | E67: PU | F67: 22097366 | G67: AMALIA PRAHASTUTI | H67: 3578112810040001 | I67: 0 | J67: JUAN KEVIN | K67: 38288 | L67: JULIDYA SUGIHWANTO, S.S. | M67: 6282332964220 | O67: GOOD | P67: GOOD | Q67: GOOD | R67: INACURATE | S67: GOOD | T67: INCOMPLETE | U67: 1 | V67: 1 | W67: KUALITAS_TK_AKTIF | Z67: Null
A68: AM255040 | B68: AMALIA PRAHASTUTI | C68: 900000186847246 | D68: 26074324075 | E68: PU | F68: 22097366 | G68: AMALIA PRAHASTUTI | H68: 3578061605020002 | I68: 0 | J68: WISNU RICKY NUGROHO | K68: 37392 | L68: SRI HARIANI MURTI | M68: 6282231449407 | O68: GOOD | P68: GOOD | Q68: GOOD | R68: INACURATE | S68: GOOD | T68: INCOMPLETE | U68: 1 | V68: 1 | W68: KUALITAS_TK_AKTIF | Z68: Null
A69: AM255040 | B69: AMALIA PRAHASTUTI | C69: 900000189168780 | D69: 26094213803 | E69: PU | F69: 22097366 | G69: AMALIA PRAHASTUTI | H69: 3515082410010005 | I69: 0 | J69: MUHAMMAD FARGHANI RIDWAN | K69: 37188 | L69: RACHMAWATI | M69: 6285606449360 | O69: GOOD | P69: GOOD | Q69: GOOD | R69: INACURATE | S69: GOOD | T69: INCOMPLETE | U69: 1 | V69: 1 | W69: KUALITAS_TK_AKTIF | Z69: Null
A70: AM255040 | B70: AMALIA PRAHASTUTI | C70: 900000184188031 | D70: 26059087689 | E70: PU | F70: 22097366 | G70: AMALIA PRAHASTUTI | H70: 3578030507040001 | I70: 0 | J70: RIVARDO PODIMAN | K70: 38173 | L70: SARININGSIH | M70: 6281334778916 | N70: RIVARDOPODIMAN70@GMAIL.COM | O70: GOOD | P70: GOOD | Q70: GOOD | R70: INACURATE | S70: GOOD | T70: GOOD | U70: 1 | V70: 1 | W70: KUALITAS_TK_AKTIF | Z70: Null
A71: FE282550 | B71: FELY PRISMAWATI | C71: 900000169254734 | D71: 25147338013 | E71: PU | F71: 22097408 | G71: FELY PRISMAWATI | H71: 3518116905040005 | I71: 0 | J71: YOLA MEYLINDA HERMAWAN | K71: 38136 | L71: WINARSIH | M71: 6289531034159 | N71: MEYLINDAHERMAWAN29@GMAIL.COM | O71: GOOD | P71: GOOD | Q71: GOOD | R71: INACURATE | S71: GOOD | T71: GOOD | U71: 1 | V71: 1 | W71: KUALITAS_TK_AKTIF | Z71: Null
A72: FE282550 | B72: FELY PRISMAWATI | C72: 900000190565609 | D72: 26095658063 | E72: PU | F72: 22097408 | G72: FELY PRISMAWATI | H72: 3509273105010001 | I72: 0 | J72: FERDIANSYAH RONI SETIAWAN | K72: 37042 | L72: MARDIYANA NINGSIH | M72: 62895366266307 | O72: GOOD | P72: GOOD | Q72: GOOD | R72: INACURATE | S72: GOOD | T72: INCOMPLETE | U72: 1 | V72: 1 | W72: KUALITAS_TK_AKTIF | Z72: Null
A73: FE282550 | B73: FELY PRISMAWATI | C73: 900000180670440 | D73: 26016428844 | E73: PU | F73: 22097408 | G73: FELY PRISMAWATI | H73: 3578236107850001 | I73: 0 | J73: ELLY RIMAWATI | K73: 31249 | L73: RIAH | M73: 6281330002834 | N73: ELLYRIMA00@GMAIL.COM | O73: GOOD | P73: GOOD | Q73: GOOD | R73: INACURATE | S73: GOOD | T73: GOOD | U73: 1 | V73: 1 | W73: KUALITAS_TK_AKTIF | X73: RIAH | Z73: Null
A74: FE282550 | B74: FELY PRISMAWATI | C74: 900000190565604 | D74: 26095657941 | E74: PU | F74: 22097408 | G74: FELY PRISMAWATI | H74: 3518071908040003 | I74: 0 | J74: ADHITYA BAYU PRASETYO | K74: 38218 | L74: SITI NURJIATI | M74: 6285798898404 | N74: ADHITYABAYUPRASETYO17@GMAIL.COM | O74: GOOD | P74: GOOD | Q74: GOOD | R74: INACURATE | S74: GOOD | T74: GOOD | U74: 1 | V74: 1 | W74: KUALITAS_TK_AKTIF | X74: SITI NURJIATI | Z74: Null
A75: FE282550 | B75: FELY PRISMAWATI | C75: 900000185185373 | D75: 26059303706 | E75: PU | F75: 22097408 | G75: FELY PRISMAWATI | H75: 3515182802970011 | I75: 0 | J75: MUHAMMAD FEBRIYANTO | K75: 35489 | L75: SOELISTIANI | M75: 62881026438572 | N75: MUHAMMADFEBRIYANTO876@GMAIL.COM | O75: GOOD | P75: GOOD | Q75: GOOD | R75: INACURATE | S75: GOOD | T75: GOOD | U75: 1 | V75: 1 | W75: KUALITAS_TK_AKTIF | X75: SOELISTIANI | Z75: Null
A76: FE282550 | B76: FELY PRISMAWATI | C76: 900000166312895 | D76: 25127637590 | E76: PU | F76: 22097408 | G76: FELY PRISMAWATI | H76: 3578080408020001 | I76: 0 | J76: ACHMAD FARHAN ALY | K76: 37472 | L76: DEWI SOELISTIOWARNY, IR | M76: 6281131124426 | O76: GOOD | P76: GOOD | Q76: GOOD | R76: INACURATE | S76: GOOD | T76: INCOMPLETE | U76: 1 | V76: 1 | W76: KUALITAS_TK_AKTIF | X76: DEWI SOELISTIOWARNY, IR | Z76: Null
A77: FE282550 | B77: FELY PRISMAWATI | C77: 900000165261854 | D77: 25127637558 | E77: PU | F77: 22097408 | G77: FELY PRISMAWATI | H77: 3507291607910001 | I77: 0 | J77: FIAN HERYA FIBRIANTO | K77: 33435 | L77: PUJI HARTATIK | M77: 6281252233399 | N77: VANTSICLUS@YAHOO.COM | O77: GOOD | P77: GOOD | Q77: GOOD | R77: INACURATE | S77: GOOD | T77: GOOD | U77: 1 | V77: 0 | W77: KUALITAS_TK_AKTIF | X77: PUJI HARTATIK | Z77: Null
A78: FE282550 | B78: FELY PRISMAWATI | C78: 900000180678390 | D78: 26016428703 | E78: PU | F78: 22097408 | G78: FELY PRISMAWATI | H78: 3509200201970003 | I78: 0 | J78: RESPATI MAULANA DHABITH HAQ | K78: 35432 | L78: HENDAH KARTIKASARI | M78: 628980423332 | N78: RESPATIMAULANA468@GMAIL.COM | O78: GOOD | P78: GOOD | Q78: GOOD | R78: INACURATE | S78: GOOD | T78: GOOD | U78: 1 | V78: 1 | W78: KUALITAS_TK_AKTIF | X78: HENDAH KARTIKASARI | Z78: Null
A79: FE282550 | B79: FELY PRISMAWATI | C79: 900000190565606 | D79: 26095658006 | E79: PU | F79: 22097408 | G79: FELY PRISMAWATI | H79: 3509190812020014 | I79: 0 | J79: DEFRI MAGHDZAN PUTRA WIJAYA | K79: 37598 | L79: ENDANG DWI LESTARI | M79: 6285331639000 | N79: DEFRIMAGHDZANPUTRAWIJAYA@GMAIL.COM | O79: GOOD | P79: GOOD | Q79: GOOD | R79: INACURATE | S79: GOOD | T79: GOOD | U79: 1 | V79: 1 | W79: KUALITAS_TK_AKTIF | Z79: Null
A80: FE282550 | B80: FELY PRISMAWATI | C80: 900000187904841 | D80: 26075986781 | E80: PU | F80: 22097408 | G80: FELY PRISMAWATI | H80: 3506065507000001 | I80: 0 | J80: FELIA KRISDIANTI | K80: 36713 | L80: MARTIAH | M80: 6285736762059 | O80: GOOD | P80: GOOD | Q80: GOOD | R80: INACURATE | S80: GOOD | T80: INCOMPLETE | U80: 1 | V80: 1 | W80: KUALITAS_TK_AKTIF | Z80: Null
A81: FE282550 | B81: FELY PRISMAWATI | C81: 900000165261857 | D81: 25127637582 | E81: PU | F81: 22097408 | G81: FELY PRISMAWATI | H81: 3515030611050001 | I81: 0 | J81: MOH HABIB ALMA ASHSHOFI AKBAR | K81: 38662 | L81: SUTARNI | M81: 6288901135783 | N81: MOHHABIBALMAASHSHOFIAKBAR@GMAIL.COM | O81: GOOD | P81: GOOD | Q81: GOOD | R81: INACURATE | S81: GOOD | T81: GOOD | U81: 1 | V81: 1 | W81: KUALITAS_TK_AKTIF | X81: SUTARNI | Z81: Null
A82: FE282550 | B82: FELY PRISMAWATI | C82: 900000171045618 | D82: 25147337668 | E82: PU | F82: 22097408 | G82: FELY PRISMAWATI | H82: 3578272501020001 | I82: 0 | J82: RAIHAN AFIF | K82: 37281 | L82: FETTY IRAYANI | M82: 6281336350909 | N82: RAIHANNUMC@GMAIL.COM | O82: GOOD | P82: GOOD | Q82: GOOD | R82: INACURATE | S82: GOOD | T82: GOOD | U82: 1 | V82: 1 | W82: KUALITAS_TK_AKTIF | X82: FETTY IRAYANI | Z82: Null
A83: FE282550 | B83: FELY PRISMAWATI | C83: 900000184183195 | D83: 26059303797 | E83: PU | F83: 22097408 | G83: FELY PRISMAWATI | H83: 3573010605950008 | I83: 0 | J83: CHANDYA ARRAZI | K83: 34825 | L83: RIA ARDINA, ALM | M83: 6281334318968 | N83: RAYHANFLEA213@GMAIL.COM | O83: GOOD | P83: GOOD | Q83: GOOD | R83: INACURATE | S83: GOOD | T83: GOOD | U83: 1 | V83: 1 | W83: KUALITAS_TK_AKTIF | X83: RIA ARDINA, ALM | Z83: Null
A84: FE282550 | B84: FELY PRISMAWATI | C84: 900000187904840 | D84: 26075986773 | E84: PU | F84: 22097408 | G84: FELY PRISMAWATI | H84: 3516144309070001 | I84: 0 | J84: ERNEST BELLA PUTRI SIREGAR | K84: 39328 | L84: ENDAH SULISTYORINI | M84: 6287822356051 | O84: GOOD | P84: GOOD | Q84: GOOD | R84: INACURATE | S84: GOOD | T84: INCOMPLETE | U84: 1 | V84: 1 | W84: KUALITAS_TK_AKTIF | Z84: Null
A85: FE282550 | B85: FELY PRISMAWATI | C85: 900000171045620 | D85: 25147337700 | E85: PU | F85: 22097408 | G85: FELY PRISMAWATI | H85: 3578274204890005 | I85: 0 | J85: SHERLY MAYASARI SUNARDI | K85: 32600 | L85: MUNAWAROH | M85: 6282189189287 | N85: SHERLY.M.SUNARDI@GMAIL.COM | O85: GOOD | P85: GOOD | Q85: GOOD | R85: INACURATE | S85: GOOD | T85: GOOD | U85: 1 | V85: 1 | W85: KUALITAS_TK_AKTIF | X85: MUNAWAROH | Z85: Null
A86: FE282550 | B86: FELY PRISMAWATI | C86: 900000129352724 | D86: 24066073818 | E86: PU | F86: 22097408 | G86: FELY PRISMAWATI | H86: 6371047107940004 | I86: 0 | J86: KEVIN ROSELINY | K86: 34546 | L86: SRI KANDUNGAN | M86: 6285892249177 | N86: KEVINROSELINY1994@GMAIL.COM | O86: GOOD | P86: GOOD | Q86: GOOD | R86: INACURATE | S86: GOOD | T86: GOOD | U86: 1 | V86: 1 | W86: KUALITAS_TK_AKTIF | X86: SRI KANDUNGAN | Z86: Null
A87: FE282550 | B87: FELY PRISMAWATI | C87: 900000186845270 | D87: 26075986856 | E87: PU | F87: 22097408 | G87: FELY PRISMAWATI | H87: 3519072612010001 | I87: 0 | J87: GANESH PUTUT RAHARJO | K87: 37251 | L87: SUCI HANDAYANI | M87: 6285791208131 | N87: GANESHPUTUTRAHARJO@GMAIL.COM | O87: GOOD | P87: GOOD | Q87: GOOD | R87: INACURATE | S87: GOOD | T87: GOOD | U87: 1 | V87: 1 | W87: KUALITAS_TK_AKTIF | Z87: Null
A88: FE282550 | B88: FELY PRISMAWATI | C88: 900000185185372 | D88: 26059303656 | E88: PU | F88: 22097408 | G88: FELY PRISMAWATI | H88: 3508171806000006 | I88: 0 | J88: HARDWI PRIHANDARU | K88: 36695 | L88: SUHARTATIK | M88: 6281236712945 | O88: GOOD | P88: GOOD | Q88: GOOD | R88: INACURATE | S88: GOOD | T88: INCOMPLETE | U88: 1 | V88: 1 | W88: KUALITAS_TK_AKTIF | Z88: Null
A89: FE282550 | B89: FELY PRISMAWATI | C89: 900000189166384 | D89: 26095657644 | E89: PU | F89: 22097408 | G89: FELY PRISMAWATI | H89: 3521061409910002 | I89: 0 | J89: ARDI SEFTYO NUGROHO | K89: 33495 | L89: SITI MUNAWAROH | M89: 6285645281095 | N89: SORANUGROHO10@GMAIL.COM | O89: GOOD | P89: GOOD | Q89: GOOD | R89: INACURATE | S89: GOOD | T89: GOOD | U89: 1 | V89: 1 | W89: KUALITAS_TK_AKTIF | Z89: Null
A90: FE282550 | B90: FELY PRISMAWATI | C90: 900000190565612 | D90: 26095658139 | E90: PU | F90: 22097408 | G90: FELY PRISMAWATI | H90: 3508010909970003 | I90: 0 | J90: YOGI DIRGANTARA | K90: 35682 | L90: ILUK WIDAYATI | M90: 6281252693021 | O90: GOOD | P90: GOOD | Q90: GOOD | R90: INACURATE | S90: GOOD | T90: INCOMPLETE | U90: 1 | V90: 1 | W90: KUALITAS_TK_AKTIF | Z90: Null
A91: FE282550 | B91: FELY PRISMAWATI | C91: 900000189166389 | D91: 26095657776 | E91: PU | F91: 22097408 | G91: FELY PRISMAWATI | H91: 3525102304030005 | I91: 0 | J91: PRIYA ADI PERMANA | K91: 37734 | L91: NURUL KHUSNAH | M91: 6285607425642 | O91: GOOD | P91: GOOD | Q91: GOOD | R91: INACURATE | S91: GOOD | T91: INCOMPLETE | U91: 1 | V91: 1 | W91: KUALITAS_TK_AKTIF | Z91: Null
A92: FE282550 | B92: FELY PRISMAWATI | C92: 900000166312897 | D92: 25127637616 | E92: PU | F92: 22097408 | G92: FELY PRISMAWATI | H92: 3520052611860001 | I92: 0 | J92: MUHAMMAD ARIFIN | K92: 31742 | L92: UMI SHOLIKAH | M92: 6281234219601 | N92: M86ARIFIN@GMAIL.COM | O92: GOOD | P92: GOOD | Q92: GOOD | R92: INACURATE | S92: GOOD | T92: GOOD | U92: 1 | V92: 0 | W92: KUALITAS_TK_AKTIF | X92: UMI SHOLIKAH | Z92: Null
A93: FE282550 | B93: FELY PRISMAWATI | C93: 900000189166388 | D93: 26095657750 | E93: PU | F93: 22097408 | G93: FELY PRISMAWATI | H93: 3504142303080001 | I93: 0 | J93: MOCH FARIS SETIAWAN | K93: 39530 | L93: SRINATIN | M93: 6285335910019 | N93: VARISRAVEN51@GMAIL.COM | O93: GOOD | P93: GOOD | Q93: GOOD | R93: INACURATE | S93: GOOD | T93: GOOD | U93: 1 | V93: 1 | W93: KUALITAS_TK_AKTIF | X93: SRINATIN | Z93: Null
A94: FE282550 | B94: FELY PRISMAWATI | C94: 900000180681790 | D94: 26016428877 | E94: PU | F94: 22097408 | G94: FELY PRISMAWATI | H94: 3509216308940003 | I94: 0 | J94: YESSI AUGUSTIN PRAMESWARI | K94: 35300 | L94: MARINT JE TJAJANINGSIH | M94: 6282140333716 | N94: YESSI.AUGUSTIN@GMAIL.COM | O94: GOOD | P94: GOOD | Q94: GOOD | R94: INACURATE | S94: GOOD | T94: GOOD | U94: 1 | V94: 1 | W94: KUALITAS_TK_AKTIF | X94: MARINTJE TJAJANINGSIH | Z94: Null
A95: FE282550 | B95: FELY PRISMAWATI | C95: 900000190565610 | D95: 26095658089 | E95: PU | F95: 22097408 | G95: FELY PRISMAWATI | H95: 3517075709930004 | I95: 0 | J95: OVI SETIANINGSIH | K95: 34229 | L95: TUWASEH | M95: 6282134229952 | N95: OVISETIANINGSIH09@GMAIL.COM | O95: GOOD | P95: GOOD | Q95: GOOD | R95: INACURATE | S95: GOOD | T95: GOOD | U95: 1 | V95: 1 | W95: KUALITAS_TK_AKTIF | X95: TUWASEH | Z95: Null
A96: TU263440 | B96: TUMIAR ROHANA SIMANJUNTAK | C96: 900000193274207 | D96: 26096684530 | E96: PU | F96: 22119936 | G96: TUMIAR ROHANA SIMANJUNTAK | H96: 3523171910020002 | I96: 0 | J96: BAYU YULIANTO | K96: 37548 | L96: MARIYATI | M96: 6285708873606 | N96: BAYU19102@GMAIL.COM | O96: GOOD | P96: GOOD | Q96: GOOD | R96: INCOMPLETE | S96: GOOD | T96: GOOD | U96: 1 | V96: 1 | W96: KUALITAS_TK_AKTIF | X96: MARIYATI | Z96: Null
A97: TU263440 | B97: TUMIAR ROHANA SIMANJUNTAK | C97: 900000184966909 | D97: 26046852112 | E97: PU | F97: 23015362 | G97: TUMIAR ROHANA SIMANJUNTAK | H97: 3578030106680004 | I97: 0 | J97: MASYHUDI ST | K97: 24990 | L97: - | M97: 6281242966001 | N97: MASYHUDIST3926@CVMERPATIBANDUNG.WEB.ID | O97: GOOD | P97: GOOD | Q97: GOOD | R97: INCOMPLETE | S97: GOOD | T97: GOOD | U97: 1 | V97: 1 | W97: KUALITAS_TK_AKTIF | Z97: Null
A98: TU263440 | B98: TUMIAR ROHANA SIMANJUNTAK | C98: 900000088622745 | D98: 23009160765 | E98: PU | F98: 23015362 | G98: TUMIAR ROHANA SIMANJUNTAK | H98: 3578032807810002 | I98: 0 | J98: AGUS TRIYANTO | K98: 29795 | L98: MAMI | M98: 628981561830 | N98: AGUSBEDOR90@GMAIL.COM | O98: GOOD | P98: GOOD | Q98: GOOD | R98: INACURATE | S98: GOOD | T98: GOOD | U98: 1 | V98: 0 | W98: KUALITAS_TK_AKTIF | Z98: Null
A99: FE282550 | B99: FELY PRISMAWATI | C99: 900000191852978 | D99: 26092986624 | E99: PU | F99: 23078987 | G99: FELY PRISMAWATI | H99: 7402022404040002 | I99: 0 | J99: YUDISTIRA MERONDA | K99: 38101 | L99: JUWARIA MERONDA | M99: 6282257446972 | N99: KHENMERONDA27@GMAIL.COM | O99: GOOD | P99: GOOD | Q99: GOOD | R99: INACURATE | S99: GOOD | T99: GOOD | U99: 1 | V99: 1 | W99: KUALITAS_TK_AKTIF | Z99: Null
A100: TU263440 | B100: TUMIAR ROHANA SIMANJUNTAK | C100: 900000181868250 | D100: 26028533540 | E100: PU | F100: 23106946 | G100: TUMIAR ROHANA SIMANJUNTAK | H100: 3578150706050001 | I100: 0 | J100: RAKHA ADRIANSYAH | K100: 38510 | L100: NURUL SUBAIDAH | M100: 6283851974838 | N100: RAKHADSYH2@GMAIL.COM | O100: GOOD | P100: GOOD | Q100: GOOD | R100: INACURATE | S100: GOOD | T100: GOOD | U100: 1 | V100: 1 | W100: KUALITAS_TK_AKTIF | Z100: Null
...
